,pretty_formula,energy,force,pressure
0,C,-647.0125610679293,0.605340754673873,43.17
1,Cu,-1590.5992938313345,0.0,131.75
2,Fe,-3455.383541674355,0.0,-679.52
3,Sn,-4046.6697100424553,0.00035995457719309475,47.83
