,Element,k-points,supercell,energy,force,ecut
0,Cu,14,1,-1592.7238635850927,0.0,45
1,Cu,15,1,-1592.7235317421168,0.0,45
2,Cu,16,1,-1592.724317607237,0.0,45
