,Element,k-points,supercell,energy,force,ecut
0,Cu,26,1,-6623.400372985803,0.0,45
1,Cu,27,1,-6623.395389082545,0.0,45
