,Element,k-points,supercell,energy,force,ecut
0,Cu,15,1,-6623.393195980073,0.0,45
1,Cu,16,1,-6623.396675637354,0.0,45
2,Cu,17,1,-6623.391995005105,0.0,45
3,Cu,18,1,-6623.393174755184,0.0,45
