,Element,k-points,supercell,energy,force,ecut
0,Sn,5,1,-12052.671996241941,0.00035995457719309475,45
1,Cu,5,1,-6623.5221307859665,0.0,45
