,Element,k-points,supercell,energy,force,ecut
0,Cu,19,1,-6623.395346496709,0.0,45
1,Cu,20,1,-6623.399244121034,0.0,45
2,Cu,21,1,-6623.3984102278,0.0,45
