,Element,k-points,supercell,energy,force,ecut
0,CuSn,15,1,-25299.582313798124,0.0,45
1,Cu3Sn,15,1,-25896.333070655743,2.5711041228078197e-05,45
