,Element,k-points,supercell,energy,force,ecut
0,Cu,28,1,-6623.398648871744,0.0,45
1,Cu,29,1,-6623.39908615888,0.0,45
2,Cu,30,1,-6623.396081748633,0.0,45
