,Element,k-points,supercell,energy,force,ecut
0,Cu,22,1,-6623.400847824665,0.0,45
1,Cu,23,1,-6623.397014011064,0.0,45
2,Cu,24,1,-6623.396588969057,0.0,45
3,Cu,25,1,-6623.395468131651,0.0,45
