,Element,k-points,supercell,energy,force,ecut
0,Cu,31,1,-6623.396009230262,0.0,45
1,Cu,32,1,-6623.399313918266,0.0,45
2,Cu,33,1,-6623.396034672917,0.0,45
