,Element,k-points,supercell,energy,pressure,force,ecut
0,Cu,8,1,-1592.1265640520635,-703.43,0.0,25
1,Cu,8,1,-1592.6357800236995,-157.89,0.0,30
2,Cu,8,1,-1592.655458625097,-110.51,0.0,35
3,Sn,8,1,-4048.4503243476806,-33.85,2.5711041228078197e-05,25
4,Sn,8,1,-4048.5248777226316,-29.12,5.1422082456156395e-05,30
5,Sn,8,1,-4048.540629855625,-25.57,5.1422082456156395e-05,35
