,Element,k-points,supercell,energy,pressure,force,ecut
0,Sn,6,1,-4048.5191041446574,-26.12,2.5711041228078197e-05,45
1,Sn,7,1,-4048.5377197328653,-26.26,5.1422082456156395e-05,45
